,sp,fr,dc,am
rmse,0.005113379,0.0040590707,0.071890265,0.07217635
me,0.0014800412,-0.0018965538,0.014704286,0.017231407
estd,0.0048945,0.0035887517,0.07037041,0.07008925
