,sp,fr,dc,am
rmse,0.0061086207,0.004507314,0.089010246,0.09145767
me,-0.0013006116,0.00040008014,0.0019934638,0.023167629
estd,0.005968556,0.004489523,0.088987924,0.08847466
