,sp,fr,dc,am
rmse,0.008743218,0.007278149,0.13113266,0.14993885
me,0.0015617176,0.001312411,-0.009554254,0.052185196
estd,0.008602611,0.007158843,0.13078415,0.14056444
